horizon,variable,shock,variance_share
1,dy,ea,0.6436847517885604
1,dy,eb,29.037585322452802
1,dy,eg,41.14187048295561
1,dy,eqs,12.03234910143758
1,dy,em,12.638531351043419
1,dy,epinf,3.297048553965196
1,dy,ew,1.2089304363568258
1,pinfobs,ea,0.02089752962104771
1,pinfobs,eb,0.0013122585463763896
1,pinfobs,eg,0.0005014063226384816
1,pinfobs,eqs,0.0010947053399631512
1,pinfobs,em,0.026860617408737863
1,pinfobs,epinf,96.05928617542227
1,pinfobs,ew,3.890047307338957
1,robs,ea,2.9262392301256166
1,robs,eb,4.505743507773534
1,robs,eg,0.24979734960709535
1,robs,eqs,0.2370774212664403
1,robs,em,15.192152617064536
1,robs,epinf,72.87638828758766
1,robs,ew,4.012601586575125
2,dy,ea,2.3477949795646116
2,dy,eb,25.341777518334403
2,dy,eg,36.58712331965774
2,dy,eqs,11.9483947575123
2,dy,em,15.819137992209606
2,dy,epinf,6.718696370155384
2,dy,ew,1.23707506256595
2,pinfobs,ea,0.02125480314637507
2,pinfobs,eb,0.001430309874987231
2,pinfobs,eg,0.0005460742360859963
2,pinfobs,eqs,0.0012104295122354416
2,pinfobs,em,0.030427846842852768
2,pinfobs,epinf,95.50624304472171
2,pinfobs,ew,4.438887491665748
2,robs,ea,1.7874157381064386
2,robs,eb,2.3136294380967644
2,robs,eg,0.15696772418513466
2,robs,eqs,0.2619708718091258
2,robs,em,7.599928634268071
2,robs,epinf,83.38269351022981
2,robs,ew,4.497394083304649
3,dy,ea,2.6527143500623107
3,dy,eb,20.555187594081893
3,dy,eg,29.116270910413423
3,dy,eqs,9.471224809255151
3,dy,em,13.67914851176241
3,dy,epinf,22.759092708537114
3,dy,ew,1.766361115887689
3,pinfobs,ea,0.020417536488874122
3,pinfobs,eb,0.0014537403155123645
3,pinfobs,eg,0.0005598633505060317
3,pinfobs,eqs,0.0012469255313989943
3,pinfobs,em,0.03224684318655732
3,pinfobs,epinf,95.1734939087873
3,pinfobs,ew,4.770581182339875
3,robs,ea,1.2118521531901691
3,robs,eb,1.3493188378645875
3,robs,eg,0.10464998336279015
3,robs,eqs,0.25460519958520245
3,robs,em,4.29711398553744
3,robs,epinf,87.93019993611584
3,robs,ew,4.852259904343984
4,dy,ea,2.284392577535943
4,dy,eb,15.798239155829357
4,dy,eg,21.799419899774527
4,dy,eqs,7.063013799078721
4,dy,em,10.368961822039596
4,dy,epinf,40.263810728568885
4,dy,ew,2.4221620171729663
4,pinfobs,ea,0.019254948003936574
4,pinfobs,eb,0.001437196270273805
4,pinfobs,eg,0.0005614965226066061
4,pinfobs,eqs,0.0012451327106077904
4,pinfobs,em,0.033219164027871194
4,pinfobs,epinf,94.93045064667555
4,pinfobs,ew,5.013831415789165
4,robs,ea,0.8802810726678836
4,robs,eb,0.8756073071800907
4,robs,eg,0.0739572094026548
4,robs,eqs,0.23424744463165156
4,robs,em,2.7066949657742945
4,robs,epinf,90.09919558559861
4,robs,ew,5.130016414744798
5,dy,ea,1.8487788711320952
5,dy,eb,12.278902667860079
5,dy,eg,16.643898892688753
5,dy,eqs,5.436786645030459
5,dy,em,7.895351817629995
5,dy,epinf,52.93435499265898
5,dy,ew,2.9619261129996346
5,pinfobs,ea,0.01804600370634322
5,pinfobs,eb,0.0014016183369786417
5,pinfobs,eg,0.0005575091444642681
5,pinfobs,eqs,0.0012213573551884366
5,pinfobs,em,0.03367101620236565
5,pinfobs,epinf,94.7331040946586
5,pinfobs,ew,5.211998400596047
5,robs,ea,0.6738883355964305
5,robs,eb,0.6185063230240921
5,robs,eg,0.0551100037544928
5,robs,eqs,0.21022014728089305
5,robs,em,1.8649203141677284
5,robs,epinf,91.21277912049062
5,robs,ew,5.364575755685743
6,dy,ea,1.5135839592680727
6,dy,eb,9.935136628292863
6,dy,eg,13.326517445951971
6,dy,eqs,4.416481556567786
6,dy,em,6.322906653602563
6,dy,epinf,61.117484276302
6,dy,ew,3.3678894800147443
6,pinfobs,ea,0.01689003645047485
6,pinfobs,eb,0.0013566121869130962
6,pinfobs,eg,0.0005506734734788708
6,pinfobs,eqs,0.0011841013392531493
6,pinfobs,em,0.033757294514796074
6,pinfobs,epinf,94.5635088665458
6,pinfobs,ew,5.382752415489291
6,robs,ea,0.5378359864335819
6,robs,eb,0.46665226521010583
6,robs,eg,0.04300037117412415
6,robs,eqs,0.18678069001016212
6,robs,em,1.381081467737714
6,robs,epinf,91.81219664149314
6,robs,ew,5.572452577941163
7,dy,ea,1.2798777321026507
7,dy,eb,8.395705312306099
7,dy,eg,11.194371926801008
7,dy,eqs,3.766953991293012
7,dy,em,5.347756089351552
7,dy,epinf,66.33844441865506
7,dy,ew,3.676890529490615
7,pinfobs,ea,0.01582159891800602
7,pinfobs,eb,0.0013071498907061183
7,pinfobs,eg,0.0005423364611933897
7,pinfobs,eqs,0.0011386423177840697
7,pinfobs,em,0.03356999050020207
7,pinfobs,epinf,94.41324664529355
7,pinfobs,ew,5.534373636618548
7,robs,ea,0.44393416051696055
7,robs,eb,0.37044618390980555
7,robs,eg,0.03488134177147317
7,robs,eqs,0.16566173655705835
7,robs,em,1.08266726019247
7,robs,epinf,92.14077581960734
7,robs,ew,5.761633497444887
8,dy,ea,1.1203351844909946
8,dy,eb,7.368378884579963
8,dy,eg,9.790797337062997
8,dy,eqs,3.33928186157879
8,dy,em,4.734608933378681
8,dy,epinf,69.72606268153599
8,dy,ew,3.9205351173725775
8,pinfobs,ea,0.014849489473897705
8,pinfobs,eb,0.0012560433560054483
8,pinfobs,eg,0.0005332221925912975
8,pinfobs,eqs,0.0010886002625999694
8,pinfobs,em,0.03317348706309781
8,pinfobs,epinf,94.27786504244726
8,pinfobs,ew,5.671234115204535
8,robs,ea,0.3765910260856817
8,robs,eb,0.3058596487187545
8,robs,eg,0.029220422695633953
8,robs,eqs,0.14736351391018862
8,robs,em,0.887198923122223
8,robs,epinf,92.31763133517642
8,robs,ew,5.9361351302911185
9,dy,ea,1.0114419145972
9,dy,eb,6.667661313093188
9,dy,eg,8.841799528998022
9,dy,eqs,3.0486381430476275
9,dy,em,4.340735850768034
9,dy,epinf,71.97070366962974
9,dy,ew,4.1190195798661895
9,pinfobs,ea,0.013971742200343576
9,pinfobs,eb,0.0012049832221022751
9,pinfobs,eg,0.0005237500090404266
9,pinfobs,eqs,0.001036579871951245
9,pinfobs,em,0.03261753644153886
9,pinfobs,epinf,94.15473477579795
9,pinfobs,ew,5.795910632457078
9,robs,ea,0.32668648800600236
9,robs,eb,0.260364178974684
9,robs,eg,0.025130598918876215
9,robs,eqs,0.13181790503670665
9,robs,em,0.7523812407491611
9,robs,epinf,92.40551840413147
9,robs,ew,6.0981011841831165
10,dy,ea,0.9369117080177274
10,dy,eb,6.180170782884429
10,dy,eg,8.185372988424565
10,dy,eqs,2.8462281777705174
10,dy,em,4.0828596055448685
10,dy,epinf,73.48390319711795
10,dy,ew,4.2845535402399335
10,pinfobs,ea,0.013181919168455767
10,pinfobs,eb,0.0011550207029946094
10,pinfobs,eg,0.0005141755794475837
10,pinfobs,eqs,0.0009844831683321
10,pinfobs,em,0.031942516756252745
10,pinfobs,epinf,94.04213785630667
10,pinfobs,ew,5.910084028317848
10,robs,ea,0.28863900648293794
10,robs,eb,0.22700158504598925
10,robs,eg,0.022080125689420232
10,robs,eqs,0.11872662476345612
10,robs,em,0.6551718087799765
10,robs,epinf,92.43960494417725
10,robs,ew,6.248775905060975
11,dy,ea,0.8859564955339997
11,dy,eb,5.835743483759793
11,dy,eg,7.723383454793348
11,dy,eqs,2.702828578659005
11,dy,em,3.9117127678302643
11,dy,epinf,74.51577711291824
11,dy,ew,4.4245981065053375
11,pinfobs,ea,0.012471935327787733
11,pinfobs,eb,0.0011068123641640123
11,pinfobs,eg,0.0005046597028801418
11,pinfobs,eqs,0.0009336885951432218
11,pinfobs,em,0.031181809444859675
11,pinfobs,epinf,93.93884773691936
11,pinfobs,ew,6.014953357645826
11,robs,ea,0.258900554205959
11,robs,eb,0.2016925051914691
11,robs,eg,0.019739482235005382
11,robs,eqs,0.10772722918758967
11,robs,em,0.5823443489325896
11,robs,epinf,92.44062713991255
11,robs,ew,6.3889687403348425
12,dy,ea,0.8514155704127363
12,dy,eb,5.589734876705811
12,dy,eg,7.3942853745268895
12,dy,eqs,2.6001198863340282
12,dy,em,3.7972832955114493
12,dy,epinf,75.22325627083399
12,dy,ew,4.5439047256751
12,pinfobs,ea,0.011833385694865781
12,pinfobs,eb,0.0010607560410868387
12,pinfobs,eg,0.0004953047839681212
12,pinfobs,eqs,0.000885169014006406
12,pinfobs,em,0.03036305705521853
12,pinfobs,epinf,93.8439226690293
12,pinfobs,ew,6.111439658381564
12,robs,ea,0.23514094290048457
12,robs,eb,0.1819314879085351
12,robs,eg,0.017897969093356423
12,robs,eqs,0.09846888939306807
12,robs,em,0.5259550954904267
12,robs,epinf,92.42132436896424
12,robs,ew,6.5192812462498955
13,dy,ea,0.8284521913802113
13,dy,eb,5.412840159196446
13,dy,eg,7.15808649165578
13,dy,eqs,2.5261214675620622
13,dy,em,3.720692609560503
13,dy,epinf,75.7081123421181
13,dy,ew,4.645694738526905
13,pinfobs,ea,0.011258178797931707
13,pinfobs,eb,0.0010170729314038594
13,pinfobs,eg,0.00048617562514115465
13,pinfobs,eqs,0.0008395778966958842
13,pinfobs,em,0.029508976217393575
13,pinfobs,epinf,93.75659788024849
13,pinfobs,ew,6.200292138282937
13,robs,ea,0.2157854637931797
13,robs,eb,0.1661166421681345
13,robs,eg,0.016416837318770035
13,robs,eqs,0.09064221527075646
13,robs,em,0.4810396707534959
13,robs,epinf,92.38978040423709
13,robs,ew,6.640218766458582
14,dy,ea,0.8137273587999335
14,dy,eb,5.285247384894431
14,dy,eg,6.987944192610845
14,dy,eqs,2.4727101083495326
14,dy,em,3.6697036920634654
14,dy,epinf,76.03833946259758
14,dy,ew,4.732327800684226
14,pinfobs,ea,0.01073882904384269
14,pinfobs,eb,0.0009758609357343913
14,pinfobs,eg,0.00047731202819512074
14,pinfobs,eqs,0.0007973166205580071
14,pinfobs,em,0.02863798999896294
14,pinfobs,epinf,93.67622627774313
14,pinfobs,ew,6.282146413629584
14,robs,ea,0.1997426737528587
14,robs,eb,0.15318737913796834
14,robs,eg,0.015202175119031979
14,robs,eqs,0.083986816576639
14,robs,em,0.44438449667289154
14,robs,epinf,92.35125188395287
14,robs,ew,6.752244574787758
15,dy,ea,0.8048864176030454
15,dy,eb,5.1932125394508155
15,dy,eg,6.86533450800195
15,dy,eqs,2.4342151335773603
15,dy,em,3.6361776679395468
15,dy,epinf,76.2604968638176
15,dy,ew,4.805676869609683
15,pinfobs,ea,0.010268573449828882
15,pinfobs,eb,0.0009371313658257655
15,pinfobs,eg,0.00046873682275471097
15,pinfobs,eqs,0.0007585890515404365
15,pinfobs,em,0.027764780823756916
15,pinfobs,epinf,93.60224420928486
15,pinfobs,ew,6.357557979201442
15,robs,ea,0.18623878720503462
15,robs,eb,0.14241974221861167
15,robs,eg,0.01418878643133069
15,robs,eqs,0.07828894862716189
15,robs,em,0.4138427444451756
15,robs,epinf,92.30921621328233
15,robs,ew,6.855804777790351
16,dy,ea,0.8002380883330453
16,dy,eb,5.126997171921397
16,dy,eg,6.777182379928215
16,dy,eqs,2.406588467402897
16,dy,em,3.6145893170935186
16,dy,epinf,76.40707017599794
16,dy,ew,4.867334399322969
16,pinfobs,ea,0.00984139533503778
16,pinfobs,eb,0.000900835254380359
16,pinfobs,eg,0.00046046118521957666
16,pinfobs,eqs,0.0007234466485236777
16,pinfobs,em,0.0269007990483094
16,pinfobs,epinf,93.534150746018
16,pinfobs,ew,6.427022316510536
16,robs,ea,0.17471396986818072
16,robs,eb,0.13330614118212117
16,robs,eg,0.01333034904868325
16,robs,eqs,0.07337543635591598
16,robs,em,0.38793883366950904
16,robs,epinf,92.26599692723556
16,robs,ew,6.9513383426400175
17,dy,ea,0.7985502275646188
17,dy,eb,5.079587678523816
17,dy,eg,6.714097738942256
17,dy,eqs,2.3868934263375285
17,dy,em,3.6011317503153792
17,dy,epinf,76.50101831521047
17,dy,ew,4.918720863105939
17,pinfobs,ea,0.009451998560462764
17,pinfobs,eb,0.0008668826981636692
17,pinfobs,eg,0.000452488267688893
17,pinfobs,eqs,0.000691825956528151
17,pinfobs,em,0.02605473599931583
17,pinfobs,epinf,93.47149455035247
17,pinfobs,ew,6.490987518165367
17,robs,ea,0.16475569546132118
17,robs,eb,0.12548217634952433
17,robs,eg,0.012593251848607427
17,robs,eqs,0.06910681221041885
17,robs,em,0.36563198397998675
17,robs,epinf,92.22315035221318
17,robs,ew,7.039279727936969
18,dy,ea,0.7989167173125713
18,dy,eb,5.045874119122247
18,dy,eg,6.669253437980535
18,dy,eqs,2.372976936622481
18,dy,em,3.593158041570387
18,dy,epinf,76.5586836056439
18,dy,ew,4.961137141747854
18,pinfobs,ea,0.009095756409832768
18,pinfobs,eb,0.0008351572641015533
18,pinfobs,eg,0.00044481572632644434
18,pinfobs,eqs,0.0006635796986546503
18,pinfobs,em,0.025232960802003372
18,pinfobs,epinf,93.41386514959684
18,pinfobs,ew,6.5498625805022455
18,robs,ea,0.15605490647729867
18,robs,eb,0.11868070809336652
18,robs,eg,0.011952640615765158
18,robs,eqs,0.06537093254371178
18,robs,em,0.34617056197931845
18,robs,epinf,92.18171219069795
18,robs,ew,7.1200580595925915
19,dy,ea,0.8006682646364808
19,dy,eb,5.022106538394286
19,dy,eg,6.637647024991613
19,dy,eqs,2.3632512463834456
19,dy,em,3.5888213332225987
19,dy,epinf,76.59171990483163
19,dy,ew,4.995785687539937
19,pinfobs,ea,0.008768648891211747
19,pinfobs,eb,0.0008055267492160461
19,pinfobs,eg,0.00043743750755171706
19,pinfobs,eqs,0.0006385023509240731
19,pinfobs,em,0.024439917972632744
19,pinfobs,epinf,93.36088685304993
19,pinfobs,ew,6.604023113478541
19,robs,ea,0.1483765545581909
19,robs,eb,0.11270221223439324
19,robs,eg,0.011389821316558016
19,robs,eqs,0.06207751583479123
19,robs,em,0.32899990457376455
19,robs,epinf,92.14235906680909
19,robs,ew,7.194094924673207
20,dy,ea,0.8033108145440991
20,dy,eb,5.00552373107653
20,dy,eg,6.61559919821432
20,dy,eqs,2.356543426069415
20,dy,em,3.586835520774992
20,dy,epinf,76.60841168169098
20,dy,ew,5.023775627629664
20,pinfobs,ea,0.008467196492126806
20,pinfobs,eb,0.0007778511728028537
20,pinfobs,eg,0.0004303451199115935
20,pinfobs,eqs,0.0006163509175900083
20,pinfobs,em,0.023678483254962645
20,pinfobs,epinf,93.31221430645459
20,pinfobs,ew,6.6538154665880045
20,robs,ea,0.1415394132184851
20,robs,eb,0.10739516038240977
20,robs,eg,0.010890516961442246
20,robs,eqs,0.05915366682531656
20,robs,em,0.3137025362849015
20,robs,epinf,92.1055168588636
20,robs,ew,7.26180184746386
21,dy,ea,0.8064817406353826
21,dy,eb,4.994092478959596
21,dy,eg,6.600402930078037
21,dy,eqs,2.3519884146140733
21,dy,em,3.5863116098339547
21,dy,epinf,76.61460185435814
21,dy,ew,5.046120971520822
21,pinfobs,ea,0.008188395069259054
21,pinfobs,eb,0.0007519886339209987
21,pinfobs,eg,0.00042352854221557783
21,pinfobs,eqs,0.0005968615332377663
21,pinfobs,em,0.022950276646497462
21,pinfobs,epinf,93.26752909441507
21,pinfobs,ew,6.699559855159796
21,robs,ea,0.13540199358992366
21,robs,eb,0.10264273732057676
21,robs,eg,0.0104436731626365
21,robs,eqs,0.05654029387149236
21,robs,em,0.29995851493949477
21,robs,epinf,92.07143482434297
21,robs,ew,7.32357796277289
22,dy,ea,0.8099178124336813
22,dy,eb,4.986319862452174
22,dy,eg,6.590071728423408
22,dy,eqs,2.348951100915555
22,dy,em,3.586643176876526
22,dy,epinf,76.61435907029768
22,dy,ew,5.063737248600976
22,pinfobs,ea,0.007929654525400074
22,pinfobs,eb,0.0007277995110530094
22,pinfobs,eg,0.00041697687073138446
22,pinfobs,eqs,0.0005797624602902611
22,pinfobs,em,0.02225593314106822
22,pinfobs,epinf,93.22653703729897
22,pinfobs,ew,6.741552836192486
22,robs,ea,0.12985255402505655
22,robs,eb,0.09835366197422689
22,robs,eg,0.01004062390663365
22,robs,eqs,0.05418927703869476
22,robs,em,0.28751857732767544
22,robs,epinf,92.04023720198536
22,robs,ew,7.379808103742347
23,dy,ea,0.8134312242687899
23,dy,eb,4.981115507847377
23,dy,eg,6.583155340007199
23,dy,eqs,2.346968483182614
23,dy,em,3.5874247637639995
23,dy,epinf,76.61046527774721
23,dy,ew,5.077439403182807
23,pinfobs,ea,0.0076887426663112286
23,pinfobs,eb,0.0007051493743120429
23,pinfobs,eg,0.0004106787774752694
23,pinfobs,eqs,0.0005647840057031575
23,pinfobs,em,0.021595333059651008
23,pinfobs,epinf,93.18896596575486
23,pinfobs,ew,6.780069346361696
23,robs,ea,0.12480190455824641
23,robs,eb,0.09445572467632332
23,robs,eg,0.009674498577078677
23,robs,eqs,0.05206124269289376
23,robs,em,0.2761855990791638
23,robs,epinf,92.0119596667406
23,robs,ew,7.430861363675703
24,dy,ea,0.8168913388559188
24,dy,eb,4.9776890385117465
24,dy,eg,6.578602819947496
24,dy,eqs,2.3457061838321644
24,dy,em,3.588393047291631
24,dy,epinf,76.6047754041187
24,dy,ew,5.087942167442342
24,pinfobs,ea,0.007463734836559295
24,pinfobs,eb,0.0006839109033524064
24,pinfobs,eg,0.0004046228311014447
24,pinfobs,eqs,0.000551665838939217
24,pinfobs,em,0.020967794836290018
24,pinfobs,epinf,93.15456383658972
24,pinfobs,ew,6.81536443416402
24,robs,ea,0.12017815088798377
24,robs,eb,0.09089115886426954
24,robs,eg,0.009339793616579028
24,robs,eqs,0.05012381741133167
24,robs,em,0.2658015616494751
24,robs,epinf,91.98657540545193
24,robs,ew,7.477090112118426
25,dy,ea,0.8202106212670321
25,dy,eb,4.975473040173664
25,dy,eg,6.575659821929747
25,dy,eqs,2.3449255224100822
25,dy,em,3.5893841745304287
25,dy,epinf,76.59848367575573
25,dy,ew,5.095863143933316
25,pinfobs,ea,0.007252969434248054
25,pinfobs,eb,0.0006639650452501003
25,pinfobs,eg,0.0003987977177585688
25,pinfobs,eqs,0.0005401621508823707
25,pinfobs,em,0.020372233766125944
25,pinfobs,epinf,93.12309710211775
25,pinfobs,ew,6.847674769767985
25,robs,ea,0.11592280499509625
25,robs,eb,0.08761327461380762
25,robs,eg,0.009032058531368556
25,robs,eqs,0.04835025622690205
25,robs,em,0.25623823377968113
25,robs,epinf,91.96401396194017
25,robs,ew,7.518829409912964
26,dy,ea,0.8233337370230749
26,dy,eb,4.974064936725624
26,dy,eg,6.573791187665432
26,dy,eqs,2.344458522951781
26,dy,em,3.5903028045358174
26,dy,epinf,76.59232053792208
26,dy,ew,5.10172827317619
26,pinfobs,ea,0.007055009096907867
26,pinfobs,eb,0.0006452016000427547
26,pinfobs,eg,0.00039319238929049963
26,pinfobs,eqs,0.0005300450493204001
26,pinfobs,em,0.019807290552082767
26,pinfobs,epinf,93.09434927457526
26,pinfobs,ew,6.877219986737098
26,robs,ea,0.11198787251109871
26,robs,eb,0.08458397491139145
26,robs,eg,0.008747662608995167
26,robs,eqs,0.04671836158418817
26,robs,em,0.24739040104886056
26,robs,epinf,91.94417497100828
26,robs,ew,7.556396756327192
27,dy,ea,0.8262290938141577
27,dy,eb,4.973183112718467
27,dy,eg,6.572622558009401
27,dy,eqs,2.3441889714340745
27,dy,em,3.5910997409740157
27,dy,epinf,76.58669742196889
27,dy,ew,5.1059791010809965
27,pinfobs,ea,0.006868607170265331
27,pinfobs,eb,0.0006275193839127073
27,pinfobs,eg,0.00038779615895013445
27,pinfobs,eqs,0.0005211065415710379
27,pinfobs,em,0.019271433567317805
27,pinfobs,epinf,93.06811964548295
27,pinfobs,ew,6.90420389169504
27,robs,ea,0.10833364747970077
27,robs,eb,0.08177189913151736
27,robs,eg,0.008483619471418232
27,robs,eqs,0.04520962773756038
27,robs,em,0.23917087138699156
27,robs,epinf,91.9269382326118
27,robs,ew,7.590092102181012
28,dy,ea,0.828882298868352
28,dy,eb,4.972633879896907
28,dy,eg,6.571896440400607
28,dy,eqs,2.3440381236967
28,dy,em,3.5917559130076793
28,dy,epinf,76.58181215248379
28,dy,ew,5.10898119164598
28,pinfobs,ea,0.006692678976259461
28,pinfobs,eb,0.0006108260890896743
28,pinfobs,eg,0.0003825987595133346
28,pinfobs,eqs,0.0005131594098928571
28,pinfobs,em,0.018763038645210946
28,pinfobs,epinf,93.04422213141098
28,pinfobs,ew,6.9288155667090585
28,robs,ea,0.10492702577440188
28,robs,eb,0.07915101859934796
28,robs,eg,0.008237453646834023
28,robs,eqs,0.043808560213113995
28,robs,em,0.23150673714081496
28,robs,epinf,91.91217113501182
28,robs,ew,7.620198069613682
29,dy,ea,0.8312911300206757
29,dy,eb,4.972286738617701
29,dy,eg,6.571439321574554
29,dy,eqs,2.343953997263303
29,dy,em,3.5922710527932047
29,dy,epinf,76.57772468501595
29,dy,ew,5.111033074714599
29,pinfobs,ea,0.00652627735826656
29,pinfobs,eb,0.0005950379341016697
29,pinfobs,eg,0.0003775903747684078
29,pinfobs,eqs,0.0005060372417355675
29,pinfobs,em,0.018280449974574117
29,pinfobs,epinf,93.02248422512271
29,pinfobs,ew,6.951230381993836
29,robs,ea,0.10174020315393184
29,robs,eb,0.07669956237367506
29,robs,eg,0.008007098059312243
29,robs,eqs,0.042502131659206036
29,robs,em,0.22433653902456321
29,robs,epinf,91.89973413767147
29,robs,ew,7.646980328057838
30,dy,ea,0.8334617054035983
30,dy,eb,4.972055987727222
30,dy,eg,6.571137226584149
30,dy,eqs,2.3439034205022193
30,dy,em,3.5926558349429616
30,dy,epinf,76.57441060392105
30,dy,ew,5.112375220918812
30,pinfobs,ea,0.006368571980561777
30,pinfobs,eb,0.0005800791770757134
30,pinfobs,eg,0.00037276165244135685
30,pinfobs,eqs,0.0004995938357105747
30,pinfobs,em,0.017822025362897145
30,pinfobs,epinf,93.0027460361155
30,pinfobs,ew,6.971610931875823
30,robs,ea,0.09874966159402777
30,robs,eb,0.07439918722930557
30,robs,eg,0.007790814535445486
30,robs,eqs,0.04127934443838854
30,robs,em,0.21760808635181242
30,robs,epinf,91.8894848207282
30,robs,ew,7.670688085122832
31,dy,ea,0.8354056000489577
31,dy,eb,4.971887179278212
31,dy,eg,6.570917719728897
31,dy,eqs,2.3438661928733757
31,dy,em,3.5929265480506
31,dy,epinf,76.57179810114161
31,dy,ew,5.113198658878347
31,pinfobs,ea,0.0062188318819388
31,pinfobs,eb,0.000565881547669327
31,pinfobs,eg,0.0003681037044385539
31,pinfobs,eqs,0.0004937021662064022
31,pinfobs,em,0.017386168772987702
31,pinfobs,epinf,92.98485940808717
31,pinfobs,ew,6.9901079038395775
31,robs,ea,0.0959353737919229
31,robs,eb,0.07223433030873815
31,robs,eg,0.007587131631507505
31,robs,eqs,0.040130877205160655
31,robs,em,0.21127676119640265
31,robs,epinf,91.88128086641929
31,robs,ew,7.69155465944698
32,dy,ea,0.8371377063767274
32,dy,eb,4.9717472504120614
32,dy,eg,6.570736792737946
32,dy,eqs,2.3438308497749687
32,dy,em,3.5931015970199565
32,dy,epinf,76.56979283360096
32,dy,ew,5.113652970077379
32,pinfobs,ea,0.006076410820523195
32,pinfobs,eb,0.0005523836393188478
32,pinfobs,eg,0.0003636080986612698
32,pinfobs,eqs,0.0004882530553562276
32,pinfobs,em,0.01697135266721689
32,pinfobs,epinf,92.96868710339972
32,pinfobs,ew,7.006860888319219
32,robs,ea,0.09328017427959963
32,robs,eb,0.0701916998822325
32,robs,eg,0.007394795624332682
32,robs,eqs,0.03904879794711214
32,robs,em,0.20530418399163858
32,robs,epinf,91.87498223853363
32,robs,ew,7.709798109741452
33,dy,ea,0.8386746744290599
33,dy,eb,4.971617425331214
33,dy,eg,6.570569433599991
33,dy,eqs,2.3437916359555295
33,dy,em,3.5931993092729737
33,dy,epinf,76.56829401927388
33,dy,ew,5.113853502137358
33,pinfobs,ea,0.005940734991416116
33,pinfobs,eb,0.0005395302923271111
33,pinfobs,eg,0.0003592668454349992
33,pinfobs,eqs,0.0004831536708466876
33,pinfobs,em,0.0165761323295352
33,pinfobs,epinf,92.95410204652161
33,pinfobs,ew,7.021999135348825
33,robs,ea,0.09076925882816743
33,robs,eb,0.06825987156757435
33,robs,eg,0.007212731598730577
33,robs,eqs,0.03802632993435406
33,robs,em,0.19965715244356178
33,robs,epinf,91.87045275550068
33,robs,ew,7.7256219001269315
34,dy,ea,0.8400337995260863
34,dy,eb,4.971488185136138
34,dy,eg,6.5704029425202135
34,dy,eqs,2.3437463795842186
34,dy,em,3.593236651898393
34,dy,epinf,76.56720431518045
34,dy,ew,5.113887726154505
34,pinfobs,ea,0.005811292746237907
34,pinfobs,eb,0.0005272719894504677
34,pinfobs,eg,0.00035507238069963724
34,pinfobs,eqs,0.0004783259418802405
34,pinfobs,em,0.016199153992503407
34,pinfobs,epinf,92.94098661991517
34,pinfobs,ew,7.035642263034054
34,robs,ea,0.08838978339694913
34,robs,eb,0.0664289658260156
34,robs,eg,0.00704001234469638
34,robs,eqs,0.037057660032844185
34,robs,em,0.1943067896009713
34,robs,epinf,91.86756120225961
34,robs,ew,7.739215586538914
35,dy,ea,0.841232251322124
35,dy,eb,4.97135576508617
35,dy,eg,6.57023227687681
35,dy,eqs,2.3436950294561503
35,dy,em,3.593228569789212
35,dy,epinf,76.56643537983476
35,dy,ew,5.113820727634784
35,pinfobs,ea,0.005687625990774323
35,pinfobs,eb,0.0005155642787051134
35,pinfobs,eg,0.0003510175474478315
35,pinfobs,eqs,0.0004737049633409384
35,pinfobs,em,0.015839158283435205
35,pinfobs,epinf,92.9292320070101
35,pinfobs,ew,7.047900921926205
35,robs,ea,0.08613054087033788
35,robs,eb,0.0646903886361225
35,robs,eg,0.006875833343057289
35,robs,eqs,0.03613778112874446
35,robs,em,0.18922785382648416
35,robs,epinf,91.86618208958694
35,robs,ew,7.750755512608311
36,dy,ea,0.8422865600264017
36,dy,eb,4.97121976662908
36,dy,eg,6.57005687700318
36,dy,eqs,2.3436386738499135
36,dy,em,3.5931877336909195
36,dy,epinf,76.56591052353123
36,dy,ew,5.11369986526926
36,pinfobs,ea,0.005569322981742088
36,pinfobs,eb,0.0005043672327631706
36,pinfobs,eg,0.00034709557641986785
36,pinfobs,eqs,0.00046923743961783986
36,pinfobs,em,0.01549498022488141
36,pinfobs,epinf,92.91873757785288
36,pinfobs,ew,7.0588774186916865
36,robs,ea,0.08398169898079325
36,robs,eb,0.06303662166951726
36,robs,eg,0.006719492532090419
36,robs,eqs,0.03526236216280036
36,robs,em,0.18439817546030518
36,robs,epinf,91.86619614300156
36,robs,ew,7.760405506192948
37,dy,ea,0.8432122935041876
37,dy,eb,4.9710815719893375
37,dy,eg,6.569878558129201
37,dy,eqs,2.343578903837995
37,dy,em,3.593124546979108
37,dy,epinf,76.56556546503907
37,dy,ew,5.1135586605211145
37,pinfobs,ea,0.005456012284978731
37,pinfobs,eb,0.0004936449502605292
37,pinfobs,eg,0.00034330006671960786
37,pinfobs,eqs,0.00046488020428601956
37,pinfobs,em,0.015165546781570739
37,pinfobs,epinf,92.90941031378577
37,pinfobs,ew,7.068666301926409
37,robs,ea,0.08193458665448988
37,robs,eb,0.06146105153951438
37,robs,eg,0.00657037385366327
37,robs,eqs,0.03442764062038167
37,robs,em,0.17979819364554187
37,robs,epinf,91.867490583863
37,robs,ew,7.768317569823395
38,dy,ea,0.8440238736480951
38,dy,eb,4.97094332752754
38,dy,eg,6.569700157998678
38,dy,eqs,2.34351741853615
38,dy,em,3.59304730500396
38,dy,epinf,76.56534792034626
38,dy,ew,5.113419996939319
38,pinfobs,ea,0.005347357694496419
38,pinfobs,eb,0.00048336510134130837
38,pinfobs,eg,0.00033962496677278044
38,pinfobs,eqs,0.00046059883956426967
38,pinfobs,em,0.014849872737888806
38,pinfobs,epinf,92.90116426812588
38,pinfobs,ew,7.07735491253407
38,robs,ea,0.07998151889860196
38,robs,eb,0.059957830101246584
38,robs,eg,0.006427933805796283
38,robs,eqs,0.033630333364478515
38,robs,em,0.17541057309813973
38,robs,epinf,91.86995925084108
38,robs,ew,7.774632559890661
39,dy,ea,0.8447344922878529
39,dy,eb,4.97080732280259
39,dy,eg,6.569524710320607
39,dy,eqs,2.3434557966690877
39,dy,em,3.592962434258467
39,dy,epinf,76.56521652886305
39,dy,ew,5.113298714798341
39,pinfobs,ea,0.00524305394460236
39,pinfobs,eb,0.0004734985176050694
39,pinfobs,eg,0.0003360645558801806
39,pinfobs,eqs,0.0004563664097785604
39,pinfobs,em,0.014547055514944316
39,pinfobs,epinf,92.89392006030944
39,pinfobs,ew,7.085023900747759
39,robs,ea,0.07811565253155128
39,robs,eb,0.05852175958378902
39,robs,eg,0.006291690400445753
39,robs,eqs,0.03286756251011592
39,robs,em,0.1712198852465351
39,robs,epinf,91.87350259915034
39,robs,ew,7.7794808505772375
40,dy,ea,0.8453560964186236
40,dy,eb,4.97067563882795
40,dy,eg,6.569354976038165
40,dy,eqs,2.343395379451422
40,dy,em,3.59287476307384
40,dy,epinf,76.56513945953148
40,dy,ew,5.113203686658505
40,pinfobs,ea,0.005142823075735465
40,pinfobs,eb,0.00046401882512319125
40,pinfobs,eg,0.0003326134265037958
40,pinfobs,eqs,0.00045216231558483885
40,pinfobs,em,0.014256269391307606
40,pinfobs,epinf,92.88760440135638
40,pinfobs,ew,7.091747711609369
40,robs,ea,0.07633086672221485
40,robs,eb,0.05714819769547111
40,robs,eg,0.006161214055761927
40,robs,eqs,0.032136793674762916
40,robs,em,0.1672123416141333
40,robs,epinf,91.87802760681485
40,robs,ew,7.782982979422799
